playlist_id,track_name,artist(s)_name,artist_ids,album_name,album_id,track_id,Image URL,release_date,popularity
715nuSupDVkbHMXZxVCoOt,Tu hai kahan,['AUR'],['2cjQTf2J5yCaNY8qHpW855'],Tu hai kahan,5V2IsZkQDhgRrgNhyCOJHf,4VhqKzBeAlhTjLYZr0oJx8,https://i.scdn.co/image/ab67616d0000b273a19e0b62539dc70565ae83e4,2023-06-10,66
715nuSupDVkbHMXZxVCoOt,The Perception,['DEBOAR'],['5yyK8BajIuuYaJ7Et0aGT9'],The Perception,7IHpNDgyMfvmKW5O3S9yye,69xDSf90ojJ6kDVKtVN7Zz,https://i.scdn.co/image/ab67616d0000b27330a90568d51d620cbc02f1e2,2023-06-23,62
715nuSupDVkbHMXZxVCoOt,Long time no see,"['Taimour Baig', 'Raffey Anwar', 'AUR']","['1yMP2gzEFgUkib4khXN6hi', '7rEwKApsZMo8cXVxAndmvD', '2cjQTf2J5yCaNY8qHpW855']",Long time no see,0UdB3UJ8lJ5xgvWkSTmj3U,0ntAdrRd2ferE32aw637e9,https://i.scdn.co/image/ab67616d0000b27390e177576a2a8078a9a56e2d,2023-07-16,70
715nuSupDVkbHMXZxVCoOt,Ace,['DEBOAR'],['5yyK8BajIuuYaJ7Et0aGT9'],Ace,6uxPcFkDS32HQhL4RjZ6e7,6uNZqCZA0hWFOaRfT9EmQN,https://i.scdn.co/image/ab67616d0000b273c0d4cc559c2e321c9a88f909,2021-07-04,56
715nuSupDVkbHMXZxVCoOt,Laapata,['King'],['5NHm4TU5Twz7owibYxJfFU'],Shayad Woh Sune,46DB2EWNmSBSZc5YlCdmCm,3dKG1vk1DMZqjFk1BdxuOu,https://i.scdn.co/image/ab67616d0000b2732fb6667fe2da23c61487b3d0,2023-07-14,61
715nuSupDVkbHMXZxVCoOt,You Give Me,['DEBOAR'],['5yyK8BajIuuYaJ7Et0aGT9'],You Give Me,7quRZRYsJS8rC7WD2v59Zi,4ssKWILByACk0MOoYuST0d,https://i.scdn.co/image/ab67616d0000b273cfd25b51cd7d6ac23e91e472,2021-03-21,51
715nuSupDVkbHMXZxVCoOt,The Outside,['DEBOAR'],['5yyK8BajIuuYaJ7Et0aGT9'],The Outside,38eE9WVnNrR24sWtOIoPbb,7AoELatxdQIMzj1ibWY1uQ,https://i.scdn.co/image/ab67616d0000b273dfbac65214e2d4466ef3895c,2022-07-29,56
715nuSupDVkbHMXZxVCoOt,The Inside,['DEBOAR'],['5yyK8BajIuuYaJ7Et0aGT9'],The Inside,2tGPJ7IWqK0WR0pH17j5Tt,5aFOgOdZrAkgVBHXXkrEtg,https://i.scdn.co/image/ab67616d0000b27392967f6f3501ad8f0c3931ae,2022-05-08,54
715nuSupDVkbHMXZxVCoOt,Yell,"['DEBOAR', 'Mion Nite']","['5yyK8BajIuuYaJ7Et0aGT9', '1a9fIjjqsmC7JF0il0Sr2O']",Yell,6w2xKC970wqcXYpd1sEBk5,1pV5F1gPG8GGicwWpUbnRg,https://i.scdn.co/image/ab67616d0000b273e73e768d9ceaf84087505c7b,2021-12-22,54
715nuSupDVkbHMXZxVCoOt,Beast and the Beast,['DEBOAR'],['5yyK8BajIuuYaJ7Et0aGT9'],Beast and the Beast,4kQYl8aUNbrxmECyCKQZNB,0eSrE69Vn9h7fGt3elcsOg,https://i.scdn.co/image/ab67616d0000b273b29101b0dc44a991c40728c6,2021-09-05,52
715nuSupDVkbHMXZxVCoOt,Take Me Dancing,['DEBOAR'],['5yyK8BajIuuYaJ7Et0aGT9'],Take Me Dancing,53XdCDqC9VBRzlP9WyGNu0,7KNP9hgSCOMfrcUXyWIXsY,https://i.scdn.co/image/ab67616d0000b2734988d56b42332b578a3e0099,2021-06-06,52
715nuSupDVkbHMXZxVCoOt,Khel,['Praagya'],['4hO4zxtWs57zrg8B1WkpmP'],Khel,6DpVdeBeVUn4L68JZWDcN3,36yzu4OVMizmwxR6aF1BKe,https://i.scdn.co/image/ab67616d0000b273bd13615671022e0f20d961ec,2023-09-05,57
715nuSupDVkbHMXZxVCoOt,12:00 AM,['Rausheen Hassan'],['6L86Q3yzjkwxu8EFj41BFh'],12:00 AM,2pmQdXEKffcfKDw65SwxXr,7k84kEsaOAb5yyV5GrpEDf,https://i.scdn.co/image/ab67616d0000b273b15831e18582d916c9fa026f,2023-03-08,51
715nuSupDVkbHMXZxVCoOt,Tu Hai Kahaan,"['RGHV', 'Priyansh']","['2ieEX0bk4zMJTowi94KL66', '7eLp3ueUqCatRl2GuamdEE']",Tu Hai Kahaan,0n5WqPaGfMMyN8cJxvdwkG,6PAaQ0LksrRgKd9PJJsi6g,https://i.scdn.co/image/ab67616d0000b2734200163754fb57b3b99d6e01,2023-01-23,39
37i9dQZF1EIUmOL9yUxSUz,Kuch Dost Mil Gaye,['Zia Mohyeddin'],['5e7hI7b3h9olFWgwrOySUb'],"Zia Mohyeddin Ke Sath Ek Shaam, Vol. 26",2dQzakWgi8OGb4eF1UrVoa,4ffbYaMr3WUNJS8fNaZEXe,https://i.scdn.co/image/ab67616d0000b273e04493b21c749495dea0b8ed,2018-10-19,12
37i9dQZF1EIUmOL9yUxSUz,Dasht-E-Tanhai Mein,['Iqbal Bano'],['7JxXeUTiGg0vr8SS2iS0F0'],"An Evening With Iqbal Bano, Vol. 1",28YZZXx13F7sSEwW13v1yv,0PZO1Ih1qTQawy5Wc9B7zy,https://i.scdn.co/image/ab67616d0000b2730a06ed1b7b9167df19bc0436,1982-07-01,31
37i9dQZF1EIUmOL9yUxSUz,Humanity,['Bankel2g'],['71dvVSJlCEIDc8PBIETTZC'],Humanity,4q17EL3mQEcitX83S25Mor,0ts0pT8qDPQ3ZN5nSxeQ9o,https://i.scdn.co/image/ab67616d0000b273a5c0818087df6dd46504e534,2023-10-22,46
37i9dQZF1EIUmOL9yUxSUz,Poetry (Raat Yun Dil Mein),['Zia Mohyeddin'],['5e7hI7b3h9olFWgwrOySUb'],Faiz Sahab Ki Mohabbat Mein,1efFR0ZHtLdQAY2TRdgom4,0PdA1dczBm4aZW7ZBQAcTh,https://i.scdn.co/image/ab67616d0000b273fb296025e97d8261cb355617,1999-09-01,17
37i9dQZF1EIUmOL9yUxSUz,Kishori Laadli Shama,['Sadhvi Purnima Ji'],['01uhm7WV1zDq5eO7H4rL49'],Barsana Yaad Aaye,2c08ztcHhD8VT5XgsX88XT,1pc9gHdbIIID1v4ycwZSTr,https://i.scdn.co/image/ab67616d0000b273b23c0641c5c8ff6b736feb1d,2017-05-02,4
37i9dQZF1EIUmOL9yUxSUz,Chashme Num Jane,['Zia Mohyeddin'],['5e7hI7b3h9olFWgwrOySUb'],"Zia Mohyeddin Ke Saat Ek Sham, Banaam-E-Faiz",4X3NuCz5vIsnZOviLrxAVZ,7DnTj1wmEi983sqG5C70dR,https://i.scdn.co/image/ab67616d0000b273b92055d77eac26f93ea81d8c,2011-01-01,8
37i9dQZF1EIUmOL9yUxSUz,Tu Lakh Chale Re Gori,['Iqbal Bano'],['7JxXeUTiGg0vr8SS2iS0F0'],Classical and Light Classical,2AbBZvbaQF1iXU9QkuoGDx,1eH4sOhUg02F0dUgYMosKW,https://i.scdn.co/image/ab67616d0000b273dd0c85fb48600076fc62b684,2014-07-28,27
37i9dQZF1EIUmOL9yUxSUz,Nasir Kazmi,['Zia Mohyeddin'],['5e7hI7b3h9olFWgwrOySUb'],"Zia Mohyeddin Ke Saath Eik Shaam, Vol. 8",6qX3O3Ew6cg4LMdohVe5z6,0hGRY2ky4tLHiyygDv7dAI,https://i.scdn.co/image/ab67616d0000b2731a35450b50ec30c95af89d8b,1994-01-06,13
37i9dQZF1EIUmOL9yUxSUz,Hangama Hai Kiyon Barbad,['Ghulam Ali'],['62mCohf6aiF3nryWghwCxM'],Dil Mein Ek Leher - Ghulam Ali The Gazal Mastro,1f1ZODqT2ovZki5OlxgJ5W,5DE0ceOgboD8TexJ2RAQI4,https://i.scdn.co/image/ab67616d0000b273e7dac1e41025cb2eafb16047,1994-01-01,24
37i9dQZF1EIUmOL9yUxSUz,Humne Aangan Nahi Buhara Kaise Ayenge Bhagwan,['Ranjan Ji Maharaj'],['1OTCoLjaNir3254Ff6bvlA'],Humne Aangan Nahi Buhara Kaise Ayenge Bhagwan,0M5YMxBk91D96njq5HU5Vf,1wioum7lbXLxyx1xcuOuzd,https://i.scdn.co/image/ab67616d0000b2737fccc44bd7e85ce1555cb309,2023-07-15,41
37i9dQZF1EIUmOL9yUxSUz,Muhabbar Karne Wale,['Zia Mohyeddin'],['5e7hI7b3h9olFWgwrOySUb'],"Zia Mohyeddin Ke Sath Ek Shaam, Vol. 26",2dQzakWgi8OGb4eF1UrVoa,4QkYy3vJL0f7V7FFiXDUBW,https://i.scdn.co/image/ab67616d0000b273e04493b21c749495dea0b8ed,2018-10-19,18
37i9dQZF1EIUmOL9yUxSUz,Narasimha Kavacham,['ISKCON Bangalore'],['0bbrfmzNUJe9L7i3c7bNU4'],Abhayam,4JcchPBHKD0Rh3w515vKrU,04AfqcZXFN3bw5gYDs5h7e,https://i.scdn.co/image/ab67616d0000b2733357902352fca1b63af4fa02,2023-11-09,16
37i9dQZF1EIUmOL9yUxSUz,Nim Shab Chand (Live),['Zia Mohyeddin'],['5e7hI7b3h9olFWgwrOySUb'],"Zia Mohyeddin Show, Vol. 1 (Live)",6yVgRVzVc4b8qtSDdHItZz,1T5dFfZk4QjBPkkEDUibzn,https://i.scdn.co/image/ab67616d0000b273f054d177d7e20e31f30d3a01,2010-12-26,0
37i9dQZF1EIUmOL9yUxSUz,Jin Par Kirpa Ram Kare Vo Paththar Bhi Tir Jate Hain,['Ravindra Jain'],['0y633xrd3L3rSxpZ4awgnG'],Lanka Kaand,3oz7gKOQffvWFY8X9yRuck,0248iEY7P2bN8ty9i109Yy,https://i.scdn.co/image/ab67616d0000b273977c522b2fc232b7c41f3b55,2007-01-01,33
37i9dQZF1EIUmOL9yUxSUz,Nisar Main Teri Galiyon Kay,['Zia Mohyeddin'],['5e7hI7b3h9olFWgwrOySUb'],Faiz Sahab Ki Mohabbat Mein,1efFR0ZHtLdQAY2TRdgom4,33mY8rEEPEgvai3Gjtiaff,https://i.scdn.co/image/ab67616d0000b273fb296025e97d8261cb355617,1999-09-01,17
37i9dQZF1EIUmOL9yUxSUz,"Selected Poetry, Pt. 1",['Ahmed Faraz'],['7HJOlAg1ce1EGQK3pXgZIl'],Selected Poetry,0LIfAYnq7ZozS3zE6muBTX,1CbJaq9xOfKtuwAYe6QgaQ,https://i.scdn.co/image/ab67616d0000b2737703aa86fc8b47751161ca05,2017-04-03,24
37i9dQZF1EIUmOL9yUxSUz,Is Tarah Ki Baat,['Zia Mohyeddin'],['5e7hI7b3h9olFWgwrOySUb'],Zia Mohyeddin Ke Saath Eik Shaam Vol 18,3Ig6ZscDLLlpJ7V82U4hdz,0d3xraDExoMnGEwNzxzNs0,https://i.scdn.co/image/ab67616d0000b27315b68801d198079ffc7c2530,2008-01-01,8
37i9dQZF1EIUmOL9yUxSUz,Daagh-e-Dil Hum Ko,['Iqbal Bano'],['7JxXeUTiGg0vr8SS2iS0F0'],Classical and Light Classical,2AbBZvbaQF1iXU9QkuoGDx,47d5DMO2WRxoRBokuRhkOU,https://i.scdn.co/image/ab67616d0000b273dd0c85fb48600076fc62b684,2014-07-28,27
37i9dQZF1EIUmOL9yUxSUz,Josh Maliha Abadi,['Zia Mohyeddin'],['5e7hI7b3h9olFWgwrOySUb'],"Zia Mohyeddin Show, Vol.10 (Live)",6dIERobEYINbXjfomvuEGJ,3GdDZkdlcpDGg7SXRsryXu,https://i.scdn.co/image/ab67616d0000b273c707e4907fa7bf429bf1a795,1999-01-01,6
37i9dQZF1EIUmOL9yUxSUz,Ram Bhakt Le Chala Re Ram Ki Nishaani,['Ravindra Jain'],['0y633xrd3L3rSxpZ4awgnG'],Ayodhya Kaand,1cwt07b68uU9vfDZeOfH3i,5ozrde9hfAamlaIFJT1T8r,https://i.scdn.co/image/ab67616d0000b2730c85d4c37c2adaf771c82c4a,2007-01-01,40
37i9dQZF1EIUmOL9yUxSUz,Tamam Umar Tera Intezar,['Zia Mohyeddin'],['5e7hI7b3h9olFWgwrOySUb'],"Zia Mohyeddin Ke Sath Ek Shaam, Vol. 26",2dQzakWgi8OGb4eF1UrVoa,5LnivUBCptvqg1HOeTSebQ,https://i.scdn.co/image/ab67616d0000b273e04493b21c749495dea0b8ed,2018-10-19,11
37i9dQZF1EIUmOL9yUxSUz,Dil Jalaane Ki Baat,['Ali Sethi'],['3NegWDGp038A3FIi3gSYzl'],The Reluctant Fundamentalist,3Hzm5TP92QvufU2sJqwiB8,1LW6iw61YZVYHfZ7S3yRyF,https://i.scdn.co/image/ab67616d0000b273b44c8b868e5f9e92d9a26212,2013-11-25,33
37i9dQZF1EIUmOL9yUxSUz,Zindagi Se Darte Ho,['Zia Mohyeddin'],['5e7hI7b3h9olFWgwrOySUb'],Zia Mohyeddin Reads Vol. 1,6UQLXbtBCDqKXkEnhHNlrG,7aTmaxFZTVb80N3fIEA8qv,https://i.scdn.co/image/ab67616d0000b2735552d08ea8f6115dfd56dd2b,1999-02-01,7
37i9dQZF1EIUmOL9yUxSUz,Pag Ghoongaru Bandh Meera Nachi Re,"['Bijender Chauhan', 'Anup Jalota']","['6wlrhq3WHsvTQEP5E7cT2n', '3kzGeGPP5gd5KAMm6QggHV']",Pag Ghoongaru Bandh Meera Nachi Re,2sC2jRvfEhfDLQVUh3jOx3,0sxHTwxLGf10mIMQXLUAIj,https://i.scdn.co/image/ab67616d0000b273f9244b8036918471a94e28d5,2023-02-16,34
37i9dQZF1EIUmOL9yUxSUz,Tum Aaye Ho Na (Live),['Zia Mohyeddin'],['5e7hI7b3h9olFWgwrOySUb'],"Zia Mohyeddin Show, Vol. 1 (Live)",6yVgRVzVc4b8qtSDdHItZz,54D1Yqn4lnr6ltTVVRXqbZ,https://i.scdn.co/image/ab67616d0000b273f054d177d7e20e31f30d3a01,2010-12-26,0
37i9dQZF1EIUmOL9yUxSUz,Ram Kahani,['Ravindra Jain'],['0y633xrd3L3rSxpZ4awgnG'],Jai Jai Shri Ram,1cq2c7Z4SRpzvRjwQTzMlH,193vqVFl1Ug2bBEelVx0QN,https://i.scdn.co/image/ab67616d0000b27370147635367ebf7f09b662f6,2021-10-30,38
37i9dQZF1EIUmOL9yUxSUz,Hum Jo Tareek Rahon Mein,['Zia Mohyeddin'],['5e7hI7b3h9olFWgwrOySUb'],Faiz Sahab Ki Mohabbat Mein,1efFR0ZHtLdQAY2TRdgom4,7zHCMJp3N7amEISZ5OcEhY,https://i.scdn.co/image/ab67616d0000b273fb296025e97d8261cb355617,1999-09-01,16
37i9dQZF1EIUmOL9yUxSUz,Avadh Me Aanand Bhayo Jai Raghuvar Laal Ki,['Pujya Prembhushanji Maharaj'],['6OfC40yyqKlQ3R2mqNXrQy'],Avadh Me Aanand Bhayo Jai Raghuvar Laal Ki,1dHbzm3VnnhoVwJNBFXo0Y,6ITfp546tBBvFzG1qX8vXl,https://i.scdn.co/image/ab67616d0000b273391bd9492eba7a7fc75b0112,2023-08-10,33
37i9dQZF1EIUmOL9yUxSUz,Bam-O-Dar Khamoshi,['Zia Mohyeddin'],['5e7hI7b3h9olFWgwrOySUb'],"Zia Mohyeddin Ke Saat Ek Sham, Banaam-E-Faiz",4X3NuCz5vIsnZOviLrxAVZ,1rl7sFAPo4t0JAkhKoYV7A,https://i.scdn.co/image/ab67616d0000b273b92055d77eac26f93ea81d8c,2011-01-01,5
37i9dQZF1EIUmOL9yUxSUz,Jo Kuch De Rahe Ho Liye Ja Raha Hu,['Rajan Ji Maharaj'],['6FSAnI0IH6smOyWJA1UtNS'],Jo Kuch De Rahe Ho Liye Ja Raha Hu,4ujGXxpUSkCsuCFrBQ2ttC,2vf093vSCgA2bzBMn3IybJ,https://i.scdn.co/image/ab67616d0000b273f4d96835a5d2525ffa3ebee8,2023-10-31,33
37i9dQZF1EIUmOL9yUxSUz,Aashar ( Mirza Sauda ),['Zia Mohyeddin'],['5e7hI7b3h9olFWgwrOySUb'],Zia Mohyeddin Ke Saath Eik Sham - Vol-11,6a2dnK4OiJouCsMutP04uN,3u6HUbdQXUKczfhWpWkFqf,https://i.scdn.co/image/ab67616d0000b273fc2aac82a83da0ad80413be6,1999-01-12,6
37i9dQZF1EIUmOL9yUxSUz,"Shri Raghuvar Komal Kamalnayan Ko Pehnao Jaimala (From ""Baal Kaand"")",['Ravindra Jain'],['0y633xrd3L3rSxpZ4awgnG'],Ramayan Bhajan - Siya Raghuvar Ji Ke Sang Paran Laagi,3c2dhrMROPKotX1shJQg3p,7A3eu2OwcCa2UED72HOHec,https://i.scdn.co/image/ab67616d0000b27310baf3bc4f6b37c55acbaa2e,2020-10-17,33
37i9dQZF1EIUmOL9yUxSUz,Wafa Ki Dastan,['Zia Mohyeddin'],['5e7hI7b3h9olFWgwrOySUb'],"Zia Mohyeddin Ke Sath Ek Shaam, Vol. 26",2dQzakWgi8OGb4eF1UrVoa,7yUkqS4363IdoeYcxGsF7p,https://i.scdn.co/image/ab67616d0000b273e04493b21c749495dea0b8ed,2018-10-19,10
37i9dQZF1EIUmOL9yUxSUz,Abb Tera Hi Aasra Hai,['Ranjan Ji Maharaj'],['1OTCoLjaNir3254Ff6bvlA'],Abb Tera Hi Aasra Hai,2ynOPgoJa1vEXPVJkSyFRf,6x8sB98N3qdO1N8uVaYmtW,https://i.scdn.co/image/ab67616d0000b273e3278b8e1eab7497ccaa6445,2023-07-17,38
37i9dQZF1EIUmOL9yUxSUz,Ashfaq Hussain Khud Se Pehli Mulaqat (Live),['Zia Mohyeddin'],['5e7hI7b3h9olFWgwrOySUb'],"Zia Mohyeddin Show, Vol. 23 (Live)",2FOTW5Q5dZijp5AL9o3g87,1yWkGXRCNMXFrr3qlfYvWQ,https://i.scdn.co/image/ab67616d0000b273a491fc03db0143d2a5f909de,2013-12-01,4
37i9dQZF1EIUmOL9yUxSUz,Ladli Radha Kishori Radha,['Hita Ambrish'],['1bM3XJOqcFo541Hlr2mdmH'],Shree Radha Naam Sankirtan,7v3UExhi4Wz2fn1Bzu9Ggh,56vSYYNjpAcBPx6a5TTg8n,https://i.scdn.co/image/ab67616d0000b273dbb890441d1cc56565fc6179,2021-11-29,31
37i9dQZF1EIUmOL9yUxSUz,Tanhaee,['Zia Mohyeddin'],['5e7hI7b3h9olFWgwrOySUb'],Faiz Sahab Ki Mohabbat Mein,1efFR0ZHtLdQAY2TRdgom4,4PwPsWXPj5HEizjALlGnJD,https://i.scdn.co/image/ab67616d0000b273fb296025e97d8261cb355617,1999-09-01,16
37i9dQZF1EIUmOL9yUxSUz,Ayodhya Karti Hai Aahvaan,"['Ravindra Jain', 'Satish Dehra', 'Rachna', 'Deepmala']","['0y633xrd3L3rSxpZ4awgnG', '1qiDTcJJ18n0NbAu9AIsDK', '33gh9N5tGQQRLogxH2C14M', '1Wr2NDtA6lF7CvRaTuBpUZ']",Jai Jai Shri Ram,1cq2c7Z4SRpzvRjwQTzMlH,3li1nyBS5gB3cbIbJYivlZ,https://i.scdn.co/image/ab67616d0000b27370147635367ebf7f09b662f6,2021-10-30,34
37i9dQZF1EIUmOL9yUxSUz,Ghazaliyat,['Zia Mohyeddin'],['5e7hI7b3h9olFWgwrOySUb'],Zia Mohyeddin Reads Vol. 6,5qiIfJSTbLhtOKkzL0ZBQn,0UEOWhqgVQ1LycrCAEdSQq,https://i.scdn.co/image/ab67616d0000b273401af7f31ca2d89ab4123fb5,1999-02-01,5
37i9dQZF1EIUmOL9yUxSUz,कजरी बंदउँ सुखराशी अविनाशी,['Ranjan Ji Maharaj'],['1OTCoLjaNir3254Ff6bvlA'],कजरी बंदउँ सुखराशी अविनाशी,0sjQ021rPbRzgs2ftfbmVf,6elY5Bh6CZ7L3Wlux1KQLu,https://i.scdn.co/image/ab67616d0000b273449114cf7aa4446a3da2ebf4,2023-07-14,37
37i9dQZF1EIUmOL9yUxSUz,Chalo Phir Se Muskurain (Live),['Zia Mohyeddin'],['5e7hI7b3h9olFWgwrOySUb'],"Zia Mohyeddin Show, Vol. 1 (Live)",6yVgRVzVc4b8qtSDdHItZz,27HLXfTKNcHoZDuAbt47ob,https://i.scdn.co/image/ab67616d0000b273f054d177d7e20e31f30d3a01,2010-12-26,0
37i9dQZF1EIUmOL9yUxSUz,Deke Charno Ki Sewa,['Ravi Raj'],['3QLWNfhMv8Ut9nxp2DkSXx'],Deke Charno Ki Sewa,0s5bl2T4MIL0wYaPbGfv5l,7EYPPSCTcrsv4nfzsTAQCA,https://i.scdn.co/image/ab67616d0000b273f100b3a661b3cfa74ee1c1a4,2023-10-18,32
37i9dQZF1EIUmOL9yUxSUz,Parveen Shakir Ke Naam,['Zia Mohyeddin'],['5e7hI7b3h9olFWgwrOySUb'],"Zia Mohyeddin Ke Saath Eik Shaam, Vol. 8",6qX3O3Ew6cg4LMdohVe5z6,7BKGzdRZEWpdFi855KxnJP,https://i.scdn.co/image/ab67616d0000b2731a35450b50ec30c95af89d8b,1994-01-06,4
37i9dQZF1EIUmOL9yUxSUz,Karuna Bhare Kripa Bhare Mere Banke Bihari Sarkar,['Chitra Vichitra Ji Maharaj'],['6NqGneT9UxQ6ygqBpp8Hty'],Karuna Bhare Kripa Bhare Mere Banke Bihari Sarkar,7JD0qJkHMvsbNyA5GIuCWK,64PJeDWliOl6bwWaxIQn6F,https://i.scdn.co/image/ab67616d0000b273f3f4e61e6fbfb0e3f59430c2,2023-08-07,33
37i9dQZF1EIUmOL9yUxSUz,Gur Ki Gazak,['Zia Mohyeddin'],['5e7hI7b3h9olFWgwrOySUb'],"Zia Mohyeddin Ke Sath Ek Shaam, Vol. 26",2dQzakWgi8OGb4eF1UrVoa,2pM9TXIfsQUokNW5KCqBBx,https://i.scdn.co/image/ab67616d0000b273e04493b21c749495dea0b8ed,2018-10-19,6
37i9dQZF1EIUmOL9yUxSUz,Shankar Teri Jatta Me Bahti Hai Gang Dhara,['Pujya Rajan Ji Maharaj'],['3lJhbvCrGVqJ8AIvnn13ei'],Shankar Teri Jatta Me Bahti Hai Gang Dhara,7FYqhdTlk5jnn4fXWb8yoc,6GJjQjCQdzAsewmsmGuXDb,https://i.scdn.co/image/ab67616d0000b2737323115770ce78c3905a91e2,2023-09-20,32
37i9dQZF1EIUmOL9yUxSUz,Ayyub Khawar Ki Nazm,['Zia Mohyeddin'],['5e7hI7b3h9olFWgwrOySUb'],Zia Mohyeddin Ke Saath Eik Sham - Vol-9,1kfrvlOnutJIGaK9J9EGMy,7DMiefnWsutLdfXdFd35Zo,https://i.scdn.co/image/ab67616d0000b273a49819d04edf01f53b5a3e3f,1994-01-04,5
37i9dQZF1EIUmOL9yUxSUz,Radhe Radhe Govind Govind Radhe,['Hita Ambrish'],['1bM3XJOqcFo541Hlr2mdmH'],Shree Radha Naam Sankirtan,7v3UExhi4Wz2fn1Bzu9Ggh,0fSgknc9KAP5h3XZl4ENqV,https://i.scdn.co/image/ab67616d0000b273dbb890441d1cc56565fc6179,2021-11-29,30
37i9dQZF1EIUmOL9yUxSUz,Do Ishq,['Zia Mohyeddin'],['5e7hI7b3h9olFWgwrOySUb'],Faiz Sahab Ki Mohabbat Mein,1efFR0ZHtLdQAY2TRdgom4,5SvXh8jB9sPtefaZraxHq5,https://i.scdn.co/image/ab67616d0000b273fb296025e97d8261cb355617,1999-09-01,7
37i9dQZF1EIUmOL9yUxSUz,Ram Kahani Suno Re Ram Kahani Shri Ram Jai Ram Jai Jai Ram,['Ravindra Jain'],['0y633xrd3L3rSxpZ4awgnG'],Sunder Kaand,5adroGbhQzWKbQt3HOxQM8,7okrCf19RJ23HKUjoMBKp3,https://i.scdn.co/image/ab67616d0000b273518630bdc1822608fb41de34,2007-01-01,34
5FzeDvNpCq5qvzElpvFnET,Allah Allah Kar Bhaiya,"['Muhammad Ali Shehki', 'Allan Faqir']","['4s91JIDRnTZ5opyvVJJ5V4', '6DTs1FTgLJFPH53yWj8D4U']",Rung Tarang,4QJ1N78qkJjJKG7cBKxHHd,1refYakpJVOSfpl4dxpx7V,https://i.scdn.co/image/ab67616d0000b2730c4c68e0c98c6c6d624f6036,1990-04-01,16
5FzeDvNpCq5qvzElpvFnET,Kaise Ho Tum - Lofi Flip,"['Attharv Bhatt', 'Shivam Verma']","['212yUSfwVEYcA30CTPYPEi', '0knW6aShY2OVfQHMlmuJgM']",Kaise Ho Tum - Lofi Flip,2Thvcl8PPEfmftUzhs32mM,7kR5D9lfPFXTQbO9wxAWXu,https://i.scdn.co/image/ab67616d0000b273da98679a7489305bc1ba4f76,2013-02-07,22
5FzeDvNpCq5qvzElpvFnET,Kahan Se Tum Chale,"['Mehnaz', 'A. Nayyar']","['0CbyoZqwO11jQ1me84srfP', '7l2EdT2aIetIQ9IjNhtlNF']",Agar Tum Na Hote (Original Motion Picture Soundtrack),4VpiydRUHGJrYNc9dkpfTw,3Q1zmxMBh1qIV3kQgWCAye,https://i.scdn.co/image/ab67616d0000b2739e44231f0a9d4d7af48fcd18,1986,1
5FzeDvNpCq5qvzElpvFnET,Ghar Wapis Jab Aao Ge,['Asad Amanat Ali Khan'],['3Sffs8Q9AIdsRlF7jPvL8S'],Asad Amanat Ali Khan Sings Altaf Gauhar,1XwmXtiEL7Vc6w2WRUiyG1,2ufcdsxrATfRgtPOrCmYGm,https://i.scdn.co/image/ab67616d0000b273eb9f3dff741e00c2444a2209,1988-12-01,19
5FzeDvNpCq5qvzElpvFnET,Ghar Se Nikalte Hi,"['Amaal Mallik', 'Armaan Malik', 'Kunaal Vermaa']","['76fuWYgIf3TVIopTs3vaJ6', '4IKVDbCSBTxBeAsMKjAuTs', '52XgeWw24o4klNdfwvB0Vx']",Ghar Se Nikalte Hi,2CjnKjbXdhCjY7NzK8lW4H,1Dw8GkFpFjUpNTUpfF5lee,https://i.scdn.co/image/ab67616d0000b2739969316c454fb52e20050598,2018-04-04,59
5FzeDvNpCq5qvzElpvFnET,Main Jahan Rahoon,['Rahat Fateh Ali Khan'],['3OLGltG8UPIea8sA4w0yg0'],Mann Ki Lagan,7gMPMsZ7vNsvePbs2dtEjL,4ZsYRQhNbDJZjpZ95g1mec,https://i.scdn.co/image/ab67616d0000b27376a631da45d388cef21144af,2010-06-15,33
5FzeDvNpCq5qvzElpvFnET,Ballay Ballay - Coke Studio Season 11,"['Abrar Ul Haq', 'Aima Baig']","['5Z1MqXZgG3ooTyK3oqQVpw', '2MNI4W0Pblx8NF4WvutxgA']",Ballay Ballay (Coke Studio Season 11),20KUxoOhz6HuQ00lm0wUOM,49V1RI3KW6b8FLTxRHMS7z,https://i.scdn.co/image/ab67616d0000b27317f666f819f2609caa999636,2018,31
5FzeDvNpCq5qvzElpvFnET,Kabhi Kitaboon Mein Phool,['Noor Jehan'],['0LruguA5aIP6yvLUIkxANh'],"Tarannum, Vol. 4",24FTirBUE0boEAbO7U18Ln,67aukea21L3LxakYBj64zn,https://i.scdn.co/image/ab67616d0000b273224882cff00ef265f52f79bb,1994-01-01,21
5FzeDvNpCq5qvzElpvFnET,Mere Bachpan Ke Din,"['Muhammad Ali Shehki', 'Afshan']","['4s91JIDRnTZ5opyvVJJ5V4', '5KGyT7BuVG7qfJHstr7WSO']",Rung Tarang,4QJ1N78qkJjJKG7cBKxHHd,2781rRlKpxmTdagiD23miM,https://i.scdn.co/image/ab67616d0000b2730c4c68e0c98c6c6d624f6036,1990-04-01,10
5FzeDvNpCq5qvzElpvFnET,Mai Ni Meriye,['Mohit Chauhan'],['5GnnSrwNCGyfAU4zuIytiS'],Fitoor,7znEdwhoR8dgECse6qTpli,0dUvKIQzOkofLditZUWbJY,https://i.scdn.co/image/ab67616d0000b273e1cc217267ac17d1af687caa,2009-01-01,41
5FzeDvNpCq5qvzElpvFnET,Baghawat (The Song of Resistance),['Haider Saif'],['5mN0rIX7HBuCCe63fl2T4G'],Baghawat (The Song of Resistance),0dGt2HBPfPy2hS7asmRksK,6jRCPOhoxKst7JdDqW8Ui9,https://i.scdn.co/image/ab67616d0000b273fccdb2f1471a903d0a5147b1,2022-12-07,38
5FzeDvNpCq5qvzElpvFnET,Hum Dekhenge,"['Zohaib Kazi', 'Ali Hamza']","['6KLLWcERsoHPN3Mu0Z20ci', '0O7Iu0NZE2lU74tHPcel7c']",Coke Studio Season 11 (Sound of The Nation),0NKhQH2b1GwucaMqnzfZri,4rP97uZJ2DdqIGPIvVyeiO,https://i.scdn.co/image/ab67616d0000b273ba855317a8a7f48cdd7d529c,2018-10-20,35
5FzeDvNpCq5qvzElpvFnET,Muddat Hui Hai,['Iqbal Bano'],['7JxXeUTiGg0vr8SS2iS0F0'],Muddat Hui Hai,7d9ljNsKYuNLwSz5EzNMOa,62dHyLuB4sW13H0ZbJoTNp,https://i.scdn.co/image/ab67616d0000b2739152a7c411b5ec563047c4e9,2000,0
5FzeDvNpCq5qvzElpvFnET,Chal Dil Mere - Lo-Fi Mix,['Ali Zafar'],['3cKNppGLfcxdt9CtoHEZmQ'],Chal Dil Mere (Lo-Fi Mix),6MsGzuZqI04z7zUNWiftxd,1zFdFJ5WaNy2Y1vYClfTIi,https://i.scdn.co/image/ab67616d0000b273ebcdf3d061c7aa3d611a8f34,2023-05-18,37
5FzeDvNpCq5qvzElpvFnET,Faslon Ko Takalluf,['Ali Zafar'],['3cKNppGLfcxdt9CtoHEZmQ'],Faslon Ko Takalluf,4hKkxE1VXdBw60szgoMsLy,5dRlBLnbzIIJWtbbqrHFPN,https://i.scdn.co/image/ab67616d0000b2735f6d776ba364b5d8916bc361,2023-03-23,35
5FzeDvNpCq5qvzElpvFnET,La Haasil,['Sunny Khan Durrani'],['3quv60l1R7kydik94rdl7j'],La Haasil,1j621KXDJsN2duq4gzftZo,76Ft5Sj31Z6cl4cN3VJYY3,https://i.scdn.co/image/ab67616d0000b27392ad1d3a25aa35b3a2de576d,2020-05-27,48
5FzeDvNpCq5qvzElpvFnET,Haasil,['Sunny Khan Durrani'],['3quv60l1R7kydik94rdl7j'],Haasil,7hDiph7jJqHiXKfHWNTC3f,4Dn28yuThDOwypgMoednQL,https://i.scdn.co/image/ab67616d0000b2731593156646c3504085f6202e,2021-02-22,38
5FzeDvNpCq5qvzElpvFnET,Aye Zindagi - From ''Aye Zindagi'',['Quratulain Balouch'],['5r3gdJkUB4oAcnuIGXEB7q'],Aye Zindagi (From ''Aye Zindagi''),25tLpwwXOXV19XxbXXIFAA,1etn7AiCgbOmCqjeTpVJjB,https://i.scdn.co/image/ab67616d0000b273cbdf1a62b9be9d33bef96fca,2015-03-12,37
5FzeDvNpCq5qvzElpvFnET,Raat Dhallay,"['Sunny Khan Durrani', 'Debashree Dasgupta']","['3quv60l1R7kydik94rdl7j', '79opdMPjsF4NefCESTUw4k']",Raat Dhallay,4JqGI9pMBT6MngqcldXrNV,6jCfmdbz6riOFsvvS6UyVq,https://i.scdn.co/image/ab67616d0000b27383c1f48c9c2d5ca24713a2f5,2021-01-28,33
5FzeDvNpCq5qvzElpvFnET,Kasauti Zindagi Ki,['Pamela Jain'],['4BBdp811wrWrr1zk9dENUE'],Badhai Ho Badhai,7eXkS0YByNEhzxV5xc8xxh,18dKenvtOYXVZXQttYoRxS,https://i.scdn.co/image/ab67616d0000b27358e7653f8071d4b3a556ee79,2023-05-22,32
5FzeDvNpCq5qvzElpvFnET,Thoda Sa Pyar (Sad),['Sonu Nigam'],['1dVygo6tRFXC8CSWURQJq2'],Maine Dil Tujhko Diya,3Mesmx4bHA2X94DJB9zkFJ,45D8loM5s6t30OcqRZ54e9,https://i.scdn.co/image/ab67616d0000b27354dab847ef913d7de3501829,2002-05-18,29
5FzeDvNpCq5qvzElpvFnET,Pavitra Rishta,['Pamela Jain'],['4BBdp811wrWrr1zk9dENUE'],Badhai Ho Badhai,7eXkS0YByNEhzxV5xc8xxh,4kJTzJYDuM1qZ5XwV1WtnA,https://i.scdn.co/image/ab67616d0000b27358e7653f8071d4b3a556ee79,2023-05-22,38
5FzeDvNpCq5qvzElpvFnET,Rewind With Samina Peerzada,"['Samina Peerzada', 'Mahira Khan']","['39RCoI0W88tE7IpYe2exkR', '4G1Yy0k93ycX3TSlrQZQv4']",Rewind With Samina Peerzada,1f88vmepcuCVp3SOjnlvYm,33b0cFm7vkpUzRHQcchoQ9,https://i.scdn.co/image/ab67616d0000b27317c322d23eb6846c11030c53,2020-01-08,0
5FzeDvNpCq5qvzElpvFnET,Rewind With Samina Peerzada,"['Samina Peerzda', 'Momina Mustehsan']","['2EIh1Y3qRQzF2pf7Fb0Y2p', '7J2gs5q2wLq6lU4q4wkyuV']",Rewind With Samina Peerzada,5JJazbZAD78lHUQbmJkt66,1IkJTjOlgLA5E6VIaAKRDT,https://i.scdn.co/image/ab67616d0000b273822e1d5b8b2ffd88eec9ae8b,2018-01-25,0
5FzeDvNpCq5qvzElpvFnET,Rewind With Samina Peerzada,['Affan Waheed'],['4ZGqt359GW94LamAWrnoIb'],Rewind With Samina Peerzada,0l12DbkaiXIw2e9FZ98J4y,0iL46ghqResQq9PKdIamTH,https://i.scdn.co/image/ab67616d0000b2735de5f4e528368ad0bcf454d6,2019-05-13,0
5FzeDvNpCq5qvzElpvFnET,Ek Ladki Ko Dekha To - Lofi Chill,['Sanam'],['7o7doCwqft91WC690aglWC'],Bollywood Lofi,4aYViZpO2DuAOj0scW7XNC,7Fa69Kkmy0VfPYsSRF7gyV,https://i.scdn.co/image/ab67616d0000b2732acd5eb998f8ca0d379495fb,2022-02-19,12
5FzeDvNpCq5qvzElpvFnET,Ajeeb Dastan - Lofi,['Lata Mangeshkar'],['61JrslREXq98hurYL2hYoc'],"Hindi Bollywood Lofi, Vol. 1",5xMaEh9Edh6XPIU3hYzbf9,3RRQtiQboov4P7ESKVDsRf,https://i.scdn.co/image/ab67616d0000b27307306f8a247ac2b7afaa3898,2022-05-28,15
5FzeDvNpCq5qvzElpvFnET,Salame Ishq Meri Jaan,"['Lata Mangeshkar', 'Kishore Kumar']","['61JrslREXq98hurYL2hYoc', '0GF4shudTAFv8ak9eWdd4Y']",Muqaddar Ka Sikandar (Original Motion Picture Soundtrack),6Uvb08lPZhexcv1mYGe7L5,2I3tlRJXVDuBDvfVOywwUU,https://i.scdn.co/image/ab67616d0000b2735808e73fc287b515397be247,1978-12-01,39
5FzeDvNpCq5qvzElpvFnET,Yaad Aaonge,['Wasi Shah'],['4D6hQkI0HXoQwhBT8IOqOs'],"Wo Iqrar Kare, Vol. 3",6xVvwRtXwnLQcBQuEbaPdE,1FfFPgBmB0LMMM92FhPTI2,https://i.scdn.co/image/ab67616d0000b273e5f40751b1cc769141d37746,2019-04-16,3
5FzeDvNpCq5qvzElpvFnET,Kangan,['Wasi Shah'],['4D6hQkI0HXoQwhBT8IOqOs'],"Kangan, Vol. 1",3DdPmALTFdkdqllFMFXKJO,4D1onn3bYtSFNJckD7XH5s,https://i.scdn.co/image/ab67616d0000b273e8fd643ddfddfe3be5587459,2019-04-16,2
5FzeDvNpCq5qvzElpvFnET,Main Ro Parhta Hoon,['Wasi Shah'],['4D6hQkI0HXoQwhBT8IOqOs'],"Mere Ho Kay, Vol. 3",07rapM8Z1PO9dxePLM9ejA,2ZN833xYwOtS2uPcTUAtuc,https://i.scdn.co/image/ab67616d0000b273d2b386f32514806ceb54d46d,2019-04-16,1
5FzeDvNpCq5qvzElpvFnET,Apni Umar Se Aagey,['Wasi Shah'],['4D6hQkI0HXoQwhBT8IOqOs'],"Mere Ho Kay, Vol. 3",07rapM8Z1PO9dxePLM9ejA,4fDauID5MS5viDZa6NoExQ,https://i.scdn.co/image/ab67616d0000b273d2b386f32514806ceb54d46d,2019-04-16,1
5FzeDvNpCq5qvzElpvFnET,Bachpan,['Wasi Shah'],['4D6hQkI0HXoQwhBT8IOqOs'],"Mere Ho Kay, Vol. 3",07rapM8Z1PO9dxePLM9ejA,46jhV1UirqBH92ygETOj3z,https://i.scdn.co/image/ab67616d0000b273d2b386f32514806ceb54d46d,2019-04-16,1
5FzeDvNpCq5qvzElpvFnET,Bahar Aayee,['Tina Sani'],['4sNVLsdQvZ6RI5Y3C6Yr3B'],"The Definitive Collection, Vol. 1",4WVAiML7HDMS7vnTZWTufx,5hptiZUG2pJwt53s8c7cDA,https://i.scdn.co/image/ab67616d0000b273ab1a5e08ba4797d76c17f4b3,1988,13
5FzeDvNpCq5qvzElpvFnET,Bachpan,['Kaavish'],['6znPk9JRNmg6uyB6h8nJu3'],Gunkali (Original Score),1lCyYMOz15QK4vhcUxHxEW,6soRqi7x53yQINVVnwK0GU,https://i.scdn.co/image/ab67616d0000b273b4f2f558c56dd71894df23f8,2008-03-01,37
5FzeDvNpCq5qvzElpvFnET,Faasle,"['Kaavish', 'Quratulain Balouch']","['6znPk9JRNmg6uyB6h8nJu3', '5r3gdJkUB4oAcnuIGXEB7q']",Coke Studio Season 10: Episode 2,0WJn9oPJOjaZenZ4OVQEgy,6YNl1rXbhKvmbMrw9cp3RQ,https://i.scdn.co/image/ab67616d0000b273bd5413c48288b5976bb346cd,2017-08-21,52
5FzeDvNpCq5qvzElpvFnET,Tere Pyar Main,['Kaavish'],['6znPk9JRNmg6uyB6h8nJu3'],Gunkali (Original Score),1lCyYMOz15QK4vhcUxHxEW,6JB0h4leDJ4Akabtu42Epd,https://i.scdn.co/image/ab67616d0000b273b4f2f558c56dd71894df23f8,2008-03-01,42
5FzeDvNpCq5qvzElpvFnET,Luka Chuppi,"['A.R. Rahman', 'Lata Mangeshkar']","['1mYsTxnqsietFxj1OgoGbG', '61JrslREXq98hurYL2hYoc']",Rang De Basanti (Original Motion Picture Soundtrack),0NKNDn80mhKn4Xi6nHrsqQ,500H9ENeR5AYbKU1ScK6ME,https://i.scdn.co/image/ab67616d0000b273a58a09b161c806587fe97b6e,2005-12-04,60
5FzeDvNpCq5qvzElpvFnET,In Ankhon Ki Masti (Lofi),"['Asha Bhosle', 'The Keychangers']","['5as8A4G47Ohu9NSWs3Je8U', '5HnE0vK2ZcVTpNJjecfJUV']",Calm Bollywood Lofi,2PfpxRxqbOuUIRVNqeqEoz,5uh6GTGPeGwjVhmGLEXxrt,https://i.scdn.co/image/ab67616d0000b273df5ae6ccde7c29659a60563a,2022-10-29,24
5FzeDvNpCq5qvzElpvFnET,Bachpan Chala Gaya,['Gurdas Maan'],['3ttzOzBpRWRBzhn6thqhdT'],Mamla Gadbad Hai,1e37Zt71OT9c9UTvGI5h95,5nn3vaJSXVyE5FhxVS0vBk,https://i.scdn.co/image/ab67616d0000b27352717841dda99af496b72fbf,2009-07-31,4
5FzeDvNpCq5qvzElpvFnET,Baller (Lofi),['Sappy'],['65JDyzM2gNIqe077nkXKFr'],Baller (Lofi),2KbscM3yAAETpLd1L9nDkf,5yMI5BKTaNOdtPM1RKPGOc,https://i.scdn.co/image/ab67616d0000b273a056da06ae386d6ec94dfa91,2022-11-03,40
5FzeDvNpCq5qvzElpvFnET,Until I Found You (with Em Beihold) - Em Beihold Version,"['Stephen Sanchez', 'Em Beihold']","['5XKFrudbV4IiuE5WuTPRmT', '7o2ZQYM7nTsaVdkXY38UAA']",Until I Found You (Em Beihold Version),7ARtQpvnPN2ucbmVHngLOs,1Y3LN4zO1Edc2EluIoSPJN,https://i.scdn.co/image/ab67616d0000b2732bf0876d42b90a8852ad6244,2022-04-22,89
5FzeDvNpCq5qvzElpvFnET,Kahani Mohabat Ki,['Strings'],['2fizRsm6KDWZvysU00yZrX'],Dhaani,1JV7W8JrdR7j6LRkAAk5cw,3Jf6VmasyMYzr2EJBXpXQH,https://i.scdn.co/image/ab67616d0000b27354a6137323b39d827958baa5,2003-09-01,32
5FzeDvNpCq5qvzElpvFnET,Tu Lakh Chale Re Gori,['Iqbal Bano'],['7JxXeUTiGg0vr8SS2iS0F0'],Classical and Light Classical,2AbBZvbaQF1iXU9QkuoGDx,1eH4sOhUg02F0dUgYMosKW,https://i.scdn.co/image/ab67616d0000b273dd0c85fb48600076fc62b684,2014-07-28,27
5FzeDvNpCq5qvzElpvFnET,"Chunari Chunari (From ""Biwi No. 1"")","['Abhijeet', 'Anuradha Sriram']","['2ZRrPOjBIWoKK5rHedLijj', '5ObQXIcqKtQENK14lQyqiy']",90's Dance (Bollywood Style),6MHhyopBtZ2JiQlC58BD5e,3U6sVwzUkHg9RdmcCRsZuC,https://i.scdn.co/image/ab67616d0000b273590e258ee9b43292177078bc,2013-03-01,0
5FzeDvNpCq5qvzElpvFnET,Tu hai kahan,['AUR'],['2cjQTf2J5yCaNY8qHpW855'],Tu hai kahan,5V2IsZkQDhgRrgNhyCOJHf,4VhqKzBeAlhTjLYZr0oJx8,https://i.scdn.co/image/ab67616d0000b273a19e0b62539dc70565ae83e4,2023-06-10,66
5FzeDvNpCq5qvzElpvFnET,Nahin Saamne Tu,"['Hariharan', 'Sukhwinder Singh']","['2NoJ7NuNs9nyj8Thoh1kbu', '19MVxKZZdPj2X0F8pi0OCT']",Taal (Original Motion Picture Soundtrack),3bqIzWWbArrjJ963HKeZcd,2VbJADm28rn89sdn2QwzuZ,https://i.scdn.co/image/ab67616d0000b27398754a3b7cbff68a9ccbd5de,1999-08-13,56
5FzeDvNpCq5qvzElpvFnET,Dasht-E-Tanhai Mein,['Iqbal Bano'],['7JxXeUTiGg0vr8SS2iS0F0'],"An Evening With Iqbal Bano, Vol. 1",28YZZXx13F7sSEwW13v1yv,0PZO1Ih1qTQawy5Wc9B7zy,https://i.scdn.co/image/ab67616d0000b2730a06ed1b7b9167df19bc0436,1982-07-01,31
5FzeDvNpCq5qvzElpvFnET,Let Go and Relax,"['The Red Pill', 'Alan Watts']","['5DDSCugRjUhxIdW4tkFWXI', '2CCcoAwiAwpIs1hcsqkk3b']",Let Go and Relax,5dlmA4BVDZskRQmrqaGDlY,0432czMUYajdVkmmWSi3hB,https://i.scdn.co/image/ab67616d0000b2736b89bc7db5f7dc9bc71968dc,2018-11-27,32
5FzeDvNpCq5qvzElpvFnET,It All Makes Sense,"['The Red Pill', 'Alan Watts']","['5DDSCugRjUhxIdW4tkFWXI', '2CCcoAwiAwpIs1hcsqkk3b']",It All Makes Sense,0lkdVIaNwQ9B1NP0y3JsgD,4S02BuT8jS3HubZTaJLcYE,https://i.scdn.co/image/ab67616d0000b273cfcd9561142ed1c329cc05b1,2019-01-01,33
5FzeDvNpCq5qvzElpvFnET,Listen,"['Alan Watts', 'Boreta']","['2CCcoAwiAwpIs1hcsqkk3b', '4pk4xXNYrYeJpf82VJJwLo']","Listen, Dream",5gWI7esADrlIofXagLE34S,2ytitxqQ7JehV0JadqjsJW,https://i.scdn.co/image/ab67616d0000b2737209c4c0f2578c5dfaa53887,2019-11-22,0
5FzeDvNpCq5qvzElpvFnET,How to Enjoy Life,"['The Red Pill', 'Alan Watts']","['5DDSCugRjUhxIdW4tkFWXI', '2CCcoAwiAwpIs1hcsqkk3b']",How to Enjoy Life,4L9V1XuehwuX9GFhGHg1db,1Td7UkUk2rGS0uZIGFAiU2,https://i.scdn.co/image/ab67616d0000b27399cb25d6f1636809a9bdab33,2018-09-28,25
5FzeDvNpCq5qvzElpvFnET,What Is Love?,"['The Red Pill', 'Alan Watts']","['5DDSCugRjUhxIdW4tkFWXI', '2CCcoAwiAwpIs1hcsqkk3b']",What Is Love?,64l32tBDSlQsiauo1hhy4M,6qazZiNmTh7yTMX02R4CwZ,https://i.scdn.co/image/ab67616d0000b273010774edae4183c325841aec,2018-09-30,47
5FzeDvNpCq5qvzElpvFnET,Obstacles,['DOLKINS'],['7AxtJlBVYqqVJUnlzLctK2'],Soundtrack Life is Strange Cover partie 1,3wpDoZq8f68bkha7a611od,4ubJfvNBojgerF9oNtm95V,https://i.scdn.co/image/ab67616d0000b2734c5d863b3fbdc9b4f5693b7b,2016-02-24,34
5FzeDvNpCq5qvzElpvFnET,Quiet's Theme,['Stefanie Joosten'],['4jMv3MgztmWUB8h5ukfjKv'],METAL GEAR SOLID VOCAL TRACKS,2pIXnAlx96bDh9KHn7L5KT,0DIuBwmp7bKm6CNn3WnZbW,https://i.scdn.co/image/ab67616d0000b27312164dbeca237020b23dd147,2015-09-02,39
5FzeDvNpCq5qvzElpvFnET,"Guncha - From ""Main Meri Patni Aur Woh""",['Mohit Chauhan'],['5GnnSrwNCGyfAU4zuIytiS'],Mausam Aashiqana: Monsoon Melodies (Vol.2),2oQUDwS0teAXwD0dGSUDG4,70ggxChIASnhSyQSTfSdTQ,https://i.scdn.co/image/ab67616d0000b273e6b9da41e76bf912755fbb8e,2013-01-01,41
5FzeDvNpCq5qvzElpvFnET,YOU NEED TO WORK HARDER - Andrew Tate Motivation,['Chispa Motivation'],['45f7fpcboSgDbMRvbN1UAx'],Chispa Motivation,45f7fpcboSgDbMRvbN1UAx,7BlgX09FL0JUWgOkIMNPN9,https://i.scdn.co/image/ab6765630000ba8a015e08329633ba8a9906ad86,,0
5FzeDvNpCq5qvzElpvFnET,Rewind With Samina Peerzada,"['Samina Peerzada', 'Hadiqa Kiyani']","['39RCoI0W88tE7IpYe2exkR', '458KdBgxQrGJNctBgHovzt']",Rewind With Samina Peerzada,1DGGE9gPIDJWfejK7TV5sj,33HaB2bBLVvSByvj8FWkTS,https://i.scdn.co/image/ab67616d0000b27398dde901c4590f7363fe7520,2019-05-16,0
5FzeDvNpCq5qvzElpvFnET,Thank You,['Dido'],['2mpeljBig2IXLXRAFO9AAs'],Vacances détente : Été 2022,3Smu8Aa56GWYkGMggRhmkH,01O0Mn8PssyOkp9SVXMg9m,https://i.scdn.co/image/ab67616d0000b2731e585d4f6cd9408d231e3b8b,2022-07-02,15
