Position,Artist id,Artist Name,Genres,Popularity,Image URL
1,2bBb25hM7LFJOMjDZN2jZo,Kieran Ball,language,28,https://i.scdn.co/image/ab6761610000e5eb4341fbdbaf106a901ced5a22
2,3quv60l1R7kydik94rdl7j,Sunny Khan Durrani,"desi emo rap, pakistani hip hop, urdu hip hop",32,https://i.scdn.co/image/ab6761610000e5eb3b0f926a2568dc94cb11cf95
3,4D6hQkI0HXoQwhBT8IOqOs,Wasi Shah,,1,https://i.scdn.co/image/ab67616d0000b273d2b386f32514806ceb54d46d
4,4TmBZPk7UCEt5S21NFwule,Henry N. Raymond,"guidance, language",36,https://i.scdn.co/image/ab67616d0000b27318b969d8ccadad9fb18edbe4
5,6znPk9JRNmg6uyB6h8nJu3,Kaavish,"classic pakistani pop, ghazal, pakistani pop, pakistani rock, sufi",38,https://i.scdn.co/image/ab6761610000e5eb7bead374c81ec6c20df39c9d
6,1nHYxrz5pIKHepXjULmrQF,JM Gardner,,37,https://i.scdn.co/image/ab67616d0000b273a92b26a603a88acc7686cb89
7,5e7hI7b3h9olFWgwrOySUb,Zia Mohyeddin,ghazal,13,https://i.scdn.co/image/ab67616d0000b273fb296025e97d8261cb355617
8,4XdPbkEAdTU7KDmfOCIakS,Pure Relaxing Vibes,rain,66,https://i.scdn.co/image/ab6761610000e5eb589cff84b48b578c3fd2bfe0
9,7JxXeUTiGg0vr8SS2iS0F0,Iqbal Bano,"classic bollywood, classic pakistani pop, ghazal, sufi",20,https://i.scdn.co/image/ab6761610000e5eb971cc0156c314d4d6046af82
10,3cKNppGLfcxdt9CtoHEZmQ,Ali Zafar,"classic pakistani pop, desi pop, filmi, modern bollywood, pakistani pop, sufi",54,https://i.scdn.co/image/ab6761610000e5eb4a63849116405206fce30002
